Keyword,Suggestion
Is house cleaning business profitable?,is a home cleaning business profitable
Is house cleaning business profitable?,is a cleaning business profitable
Is house cleaning business profitable?,how much do house cleaning business owners make
Is house cleaning business profitable?,is a house cleaning business profitable
Is house cleaning business profitable?,is house cleaning profitable
Is house cleaning business profitable?,is house cleaning business profitable
cleaning services advertising templates,cleaning services advertising templates
cleaning services advertising templates,free cleaning services advertising templates
how to market cleaning services to realtors,how to market cleaning business to realtors
how to market cleaning services to realtors,how to market a house cleaning business
how to market cleaning services to realtors,how to market cleaning services to realtors
how to market cleaning services to realtors,how to market cleaning services
house cleaning promotion ideas,house cleaning marketing ideas
house cleaning promotion ideas,cleaning promotion ideas
house cleaning promotion ideas,how to advertise for house cleaning
house cleaning promotion ideas,what is a good house cleaning schedule
house cleaning promotion ideas,house cleaning promotion ideas
house cleaning promotion ideas,how to promote house cleaning business
How can I promote my home cleaning business?,how can i promote my home cleaning business
How can I promote my home cleaning business?,how to promote house cleaning business
How do I get clients for house cleaning?,how to get clients for house cleaning
How do I get clients for house cleaning?,how can i get clients for my cleaning business
How do I get clients for house cleaning?,how do i get clients for house cleaning
How do I get clients for house cleaning?,how do i get clients for my cleaning business
How do I get clients for house cleaning?,how to get clients for house cleaning business
How do I get clients for house cleaning?,how to find clients for house cleaning
how to make your cleaning business stand out,how do i make my cleaning business stand out
how to make your cleaning business stand out,how to make your cleaning business stand out
how to make your cleaning business stand out,how to stand out as a cleaning company
how to make your cleaning business stand out,how do i make my cleaning service stand out
how to make your cleaning business stand out,how to make your cleaning company stand out
how to make your cleaning business stand out,how to make your cleaning service stand out
how to make your cleaning business stand out,how to set a cleaning business up
how to market your house cleaning business,how to market my house cleaning business
how to market your house cleaning business,how to get clients for a house cleaning business
how to market your house cleaning business,how to market your cleaning business
how to market your house cleaning business,how to market your house cleaning business
how to market your house cleaning business,how to advertise your house cleaning business
how to grow a cleaning business fast,how to grow a cleaning business
how to grow a cleaning business fast,how to make your cleaning business grow
how to grow a cleaning business fast,how to grow a cleaning business fast
how to grow a cleaning business fast,how to grow your cleaning business
how to grow a cleaning business fast,how to grow your cleaning business fast
What should I charge for house cleaning?,how much does a basic house cleaning cost
What should I charge for house cleaning?,how much should you charge for house cleaning
What should I charge for house cleaning?,how much should i charge for house cleaning services
What should I charge for house cleaning?,how much should i charge for basic house cleaning
What should I charge for house cleaning?,what should i charge for house cleaning
What should I charge for house cleaning?,how much should a person charge for house cleaning
What should I charge for house cleaning?,what to pay for house cleaning
What should I charge for house cleaning?,how much should i charge an hour for house cleaning
What should I charge for house cleaning?,what do you charge for house cleaning
What should I charge for house cleaning?,how much per hour should i charge for house cleaning
What should I charge for house cleaning?,how much should i pay for house cleaning
What should I charge for house cleaning?,how much to charge for house cleaning per hour
What should I charge for house cleaning?,how much should i charge for my cleaning services
What should I charge for house cleaning?,how much does house cleaning cost
What should I charge for house cleaning?,what should you charge for house cleaning
What should I charge for house cleaning?,how much to charge for basic house cleaning
What should I charge for house cleaning?,how much can i charge for house cleaning
What should I charge for house cleaning?,how much should i charge for house cleaning
What should I charge for house cleaning?,what can i expect to pay for house cleaning
What should I charge for house cleaning?,how much should i charge for a house cleaning
What should I charge for house cleaning?,what do you charge for house cleaning services
What should I charge for house cleaning?,what is the normal charge for house cleaning
What should I charge for house cleaning?,what do you pay for house cleaning
What should I charge for house cleaning?,how much should i expect to pay for house cleaning
What should I charge for house cleaning?,how much should i charge for cleaning a house uk
What should I charge for house cleaning?,what do you charge to clean a house
What should I charge for house cleaning?,how much should i charge for house cleaning uk
What should I charge for house cleaning?,what should i charge for cleaning a house
how to get clients for a cleaning business,how to get clients for your cleaning business
how to get clients for a cleaning business,how do i get clients for my cleaning business
how to get clients for a cleaning business,best way to get clients for cleaning business
how to get clients for a cleaning business,how to get clients for a cleaning business
how to get clients for a cleaning business,how can i get more clients for my cleaning business
how to get clients for a cleaning business,how to find clients for a cleaning business
how to get clients for a cleaning business,how to get clients for office cleaning business
how to get clients for a cleaning business,how to get clients for a new cleaning business
how to get clients for a cleaning business,how to get clients for a commercial cleaning business
how to get clients for a cleaning business,how can i get clients for my cleaning business
how to get clients for a cleaning business,how to get clients in a cleaning business
how to get clients for a cleaning business,how to get clients for window cleaning business
how to get clients for a cleaning business,how to get more clients for a cleaning business
how to get clients for a cleaning business,how to get clients cleaning business
how to get clients for a cleaning business,how to get clients when starting a cleaning business
how to get clients for a cleaning business,how to get window cleaning clients
how to get clients for a cleaning business,how to get commercial cleaning clients
how to get clients for a cleaning business,how to get clients for a house cleaning business
how to get clients for a cleaning business,how do i get clients for house cleaning
how to get clients for a cleaning business,how to get customers for window cleaning business
how to get clients for a cleaning business,how to get office cleaning clients
eye-catching house cleaning ads,eye-catching house cleaning ads
unique cleaning business ideas,how to start off a cleaning business
unique cleaning business ideas,cleaning business ideas 2020
unique cleaning business ideas,how to start a cleaning business for dummies
unique cleaning business ideas,what should i name my cleaning business
unique cleaning business ideas,unique ideas for cleaning business
unique cleaning business ideas,what are some good cleaning business names
unique cleaning business ideas,what are some good names for a cleaning business
unique cleaning business ideas,how much money do i need to start a cleaning business in south africa
unique cleaning business ideas,catchy unique cleaning business names
unique cleaning business ideas,best cleaning business ideas
unique cleaning business ideas,cleaning business ideas for beginners
unique cleaning business ideas,unique cleaning business name ideas
unique cleaning business ideas,what to do to start a cleaning business
unique cleaning business ideas,cleaning business ideas
unique cleaning business ideas,how much does cleaning business make
unique cleaning business ideas,unique cleaning business ideas
unique cleaning business ideas,is a cleaning business profitable
unique cleaning business ideas,cleaning business ideas in south africa
unique cleaning business ideas,how to start own cleaning business uk
unique cleaning business ideas,how to start cleaning business in uk
unique cleaning business ideas,is a cleaning business profitable uk
unique cleaning business ideas,ideas catchy unique cleaning business names
unique cleaning business ideas,cleaning business ideas uk
unique cleaning business ideas,what can i name my cleaning business
unique cleaning business ideas,how to start a cleaning business with no money
unique cleaning business ideas,how to start a cleaning services business in south africa
unique cleaning business ideas,how much does a cleaning business make a year uk
unique cleaning business ideas,how to start cleaning business in south africa
